names,Gender,Age,Country
Liam,Male,50,UK
Noah,Male,22,UK
William,Male,44,UK
James,Male,25,UK
Oliver,Male,23,France
Benjamin,Male,56,France
Elijah,Male,23,France
Lucas,Male,55,France
Henry,Male,11,France
Alexander,Male,66,Spain
Olivia,Female,43,Spain
Emma,Female,26,Spain
Ava,Female,43,Spain
Charlotte,Female,24,Spain
Sophia,Female,66,Spain
Amelia,Female,23,Italy
Isabella,Female,55,Italy
Mia,Female,88,Italy
Harper,Female,99,Italy
Evelyn,Female,32,Italy
Liam,Male,50,UK
Noah,Male,22,UK
William,Male,44,UK
James,Male,25,UK
Oliver,Male,23,France
Benjamin,Male,56,France
Elijah,Male,23,France
Lucas,Male,55,France
Henry,Male,11,France
Alexander,Male,66,Spain
Olivia,Female,43,Spain
Emma,Female,26,Spain
Ava,Female,43,Spain
Charlotte,Female,24,Spain
Sophia,Female,66,Spain
Amelia,Female,23,Italy
Isabella,Female,55,Italy
Mia,Female,88,Italy
Harper,Female,99,Italy
Evelyn,Female,32,Italy
